Outcome,Interaction coef,CI 95% (analytical),p (analytical),CI 95% (bootstrap),p (bootstrap),N
Haemoglobin (g/dL),-0.09582919939841916,"[-0.2920, +0.1003]",0.33830266031974265,"[-0.2866, +0.1094]",0.337,2788
Ferritin (ng/mL),-0.8222883987331027,"[-5.4855, +3.8410]",0.7296371906210253,"[-5.7577, +3.9041]",0.718,2728
Haematocrit (%),-0.2755774839855657,"[-0.8498, +0.2986]",0.34686088594949027,"[-0.8400, +0.2853]",0.334,2788
MCV (fL),-2.045956916266185,"[-3.0521, -1.0398]",6.7363065242764e-05,"[-3.0766, -1.0299]",0.0,2788
